<?xml version="1.0" encoding="UTF-8"?>
  <SupportAssistPrebootDiagnosticLog>
    <Schema>1.0.0</Schema>
    <LogNumber>311</LogNumber>
    <LogTimeStamp>07/15/2023 15:08:10</LogTimeStamp>
    <ePSA_Data>
      <Result>Not Reported</Result>
      <ReturnCode>BOOT_HOST_OS</ReturnCode>
      <ePSAFullVersion>4400.13</ePSAFullVersion>
      <ePSAInvocationCount>2</ePSAInvocationCount>
    </ePSA_Data>
    <BIOS_Data>
      <ErrorCategory>TYPE_C</ErrorCategory>
      <ErrorMessage><![CDATA[Thunderbolt PCIe Device Enumeration Mode Has Switched To BIOS Assist.]]></ErrorMessage>
      <SOS_Available>FALSE</SOS_Available>
      <TimeOutSeconds>1</TimeOutSeconds>
    </BIOS_Data>
  </SupportAssistPrebootDiagnosticLog>
